[
    {
      "driver_id": 1,
      "full_name": "SEDANO, JOEL",
      "gender": "MALE",
      "vehicle_garage":"730 W 19TH ST, NATIONAL CITY, CA, 91950",
      "vehicle_name":"VAN 112",
      "destination_id": [2],
      "from_date": "2022-03-09",
      "to_date": "2030-12-31",
      "from_time": "07:00:00",
      "to_time": "15:00:00",
      "days": [1, 2, 3, 4, 5, 6],
      "enabled_for_routing": 1,
      "ethnic_group_id": 1,
      "zip_code_groups": ["92154", "91911", "91910", "92114", "92105", "91950", "92113", "92101", "92173", "92108", "92115"],
      "spoken_languages": ["ENGLISH", "SPANISH", "ARABIC"],
      "looseness": 600,
      "vehicle_capacity_id": 1,
      "constraints":["AMB"],
      "ptps_blacklist":["SDP000639","SDP005382"],
      "safe_for_female_ptps":true
    },
    {
      "driver_id": 2,
      "full_name": "CAMACHO PENUELAS, KENNIA",
      "gender": "FEMALE",
      "vehicle_garage":"730 W 19TH ST, NATIONAL CITY, CA, 91950",
      "vehicle_name":"VAN 90",
      "destination_id": [2],
      "from_date": "2022-03-09",
      "to_date": "2030-12-31",
      "from_time": "08:00:00",
      "to_time": "16:30:00",
      "days": [1, 2, 3, 4, 5, 6],
      "enabled_for_routing": 1,
      "ethnic_group_id": 1,
      "zip_code_groups": ["92154", "91911", "91910", "92114", "92105", "91950", "92113", "92101", "92173", "92108", "92115"],
      "spoken_languages": ["ENGLISH", "SPANISH", "ARABIC"],
      "looseness": 600,
      "vehicle_capacity_id": 2,
      "constraints":["AMB"],
      "ptps_blacklist":[],
      "safe_for_female_ptps":true
    },
    {
      "driver_id": 3,
      "full_name": "LEIVA, JUAN",
      "gender": "MALE",
      "vehicle_garage":"730 W 19TH ST, NATIONAL CITY, CA, 91950",
      "vehicle_name":"VAN 89",
      "destination_id": [3],
      "from_date": "2022-03-09",
      "to_date": "2030-12-31",
      "from_time": "08:00:00",
      "to_time": "16:30:00",
      "days": [1, 2, 3, 4, 5, 6],
      "enabled_for_routing": 1,
      "ethnic_group_id": 1,
      "zip_code_groups": ["92154", "91911", "91910", "92114", "92105", "91950", "92113", "92101", "92173", "92108", "92115"],
      "spoken_languages": ["ENGLISH", "SPANISH", "ARABIC"],
      "looseness": 600,
      "vehicle_capacity_id": 2,
      "constraints":["AMB"],
      "ptps_blacklist":[],
      "safe_for_female_ptps":true
    },
    {
      "driver_id": 4,
      "full_name": "FLORES, JOSE ANTONIO",
      "gender": "MALE",
      "vehicle_garage":"730 W 19TH ST, NATIONAL CITY, CA, 91950",
      "vehicle_name":"VAN 82",
      "destination_id": [2,3],
      "from_date": "2022-03-09",
      "to_date": "2030-12-31",
      "from_time": "07:30:00",
      "to_time": "16:00:00",
      "days": [1, 2, 3, 4, 5, 6],
      "enabled_for_routing": 1,
      "ethnic_group_id": 1,
      "zip_code_groups": ["92154", "91911", "91910", "92114", "92105", "91950", "92113", "92101", "92173", "92108", "92115"],
      "spoken_languages": ["ENGLISH", "SPANISH", "ARABIC"],
      "looseness": 600,
      "vehicle_capacity_id": 2,
      "constraints":["AMB"],
      "ptps_blacklist":[],
      "safe_for_female_ptps":true
    },
    {
      "driver_id": 5,
      "full_name": "TEAGUE, RAYMOND",
      "gender": "MALE",
      "vehicle_garage":"730 W 19TH ST, NATIONAL CITY, CA, 91950",
      "vehicle_name":"VAN 76",
      "destination_id": [3],
      "from_date": "2022-03-09",
      "to_date": "2030-12-31",
      "from_time": "07:00:00",
      "to_time": "15:30:00",
      "days": [1, 2, 3, 4, 5],
      "enabled_for_routing": 1,
      "ethnic_group_id": 1,
      "zip_code_groups": ["92154", "91911", "91910", "92114", "92105", "91950", "92113", "92101", "92173", "92108", "92115"],
      "spoken_languages": ["ENGLISH", "SPANISH", "ARABIC"],
      "looseness": 600,
      "vehicle_capacity_id": 2,
      "constraints":["AMB"],
      "ptps_blacklist":[],
      "safe_for_female_ptps":true
    },
    {
      "driver_id": 6,
      "full_name": "URIBE, ABEL",
      "gender": "MALE",
      "vehicle_garage":"730 W 19TH ST, NATIONAL CITY, CA, 91950",
      "vehicle_name":"VAN 120",
      "destination_id": [2],
      "from_date": "2022-03-09",
      "to_date": "2030-12-31",
      "from_time": "08:00:00",
      "to_time": "19:00:00",
      "days": [1, 2, 3, 4, 5],
      "enabled_for_routing": 1,
      "ethnic_group_id": 1,
      "zip_code_groups": ["92154", "91911", "91910", "92114", "92105", "91950", "92113", "92101", "92173", "92108", "92115"],
      "spoken_languages": ["ENGLISH", "SPANISH", "ARABIC"],
      "looseness": 600,
      "vehicle_capacity_id": 1,
      "constraints":["AMB"],
      "ptps_blacklist":[],
      "safe_for_female_ptps":true
    },
    {
      "driver_id": 7,
      "full_name": "FIERRO, JUAN",
      "gender": "MALE",
      "vehicle_garage":"730 W 19TH ST, NATIONAL CITY, CA, 91950",
      "vehicle_name":"VAN 119",
      "destination_id": [2,3],
      "from_date": "2022-03-09",
      "to_date": "2030-12-31",
      "from_time": "07:00:00",
      "to_time": "17:00:00",
      "days": [1, 2, 3, 4, 5],
      "enabled_for_routing": 1,
      "ethnic_group_id": 1,
      "zip_code_groups": ["92154", "91911", "91910", "92114", "92105", "91950", "92113", "92101", "92173", "92108", "92115"],
      "spoken_languages": ["ENGLISH", "SPANISH", "ARABIC"],
      "looseness": 600,
      "vehicle_capacity_id": 1,
      "constraints":["AMB"],
      "ptps_blacklist":[],
      "safe_for_female_ptps":true
    },
    {
      "driver_id": 8,
      "full_name": "QUINTERO, LUIS",
      "gender": "MALE",
      "vehicle_garage":"730 W 19TH ST, NATIONAL CITY, CA, 91950",
      "vehicle_name":"VAN 144",
      "destination_id": [2,3,4],
      "from_date": "2022-03-09",
      "to_date": "2030-12-31",
      "from_time": "07:00:00",
      "to_time": "19:00:00",
      "days": [1, 2, 3, 4, 5],
      "enabled_for_routing": 1,
      "ethnic_group_id": 1,
      "zip_code_groups": ["92154", "91911", "91910", "92114", "92105", "91950", "92113", "92101", "92173", "92108", "92115"],
      "spoken_languages": ["ENGLISH", "SPANISH", "ARABIC"],
      "looseness": 600,
      "vehicle_capacity_id": 3,
      "constraints":["AMB"],
      "ptps_blacklist":[],
      "safe_for_female_ptps":true
    },
    {
      "driver_id": 9,
      "full_name": "FRAUSTO, ROBERTO",
      "gender": "MALE",
      "vehicle_garage":"1025 BROADWAY, CHULA VISTA, CA, 91911",
      "vehicle_name":"VAN 133",
      "destination_id": [3,8,11, 13, 14],
      "from_date": "2022-03-09",
      "to_date": "2030-12-31",
      "from_time": "02:45:00",
      "to_time": "12:00:00",
      "days": [1, 2, 3, 4, 5, 6],
      "enabled_for_routing": 1,
      "ethnic_group_id": 1,
      "zip_code_groups": ["92154", "91911", "91910", "92114", "92105", "91950", "92113", "92101", "92173", "92108", "92115"],
      "spoken_languages": ["ENGLISH", "SPANISH", "ARABIC"],
      "looseness": 600,
      "vehicle_capacity_id": 1,
      "constraints":["AMB"],
      "ptps_blacklist":[],
      "safe_for_female_ptps":true
    },
    {
      "driver_id": 10,
      "full_name": "ALVAREZ, HECTOR",
      "gender": "MALE",
      "vehicle_garage":"730 W 19TH ST, NATIONAL CITY, CA, 91950",
      "vehicle_name":"VAN 75",
      "destination_id": [3],
      "from_date": "2022-03-09",
      "to_date": "2030-12-31",
      "from_time": "07:00:00",
      "to_time": "19:00:00",
      "days": [1, 2, 3, 4, 5, 6],
      "enabled_for_routing": 1,
      "ethnic_group_id": 1,
      "zip_code_groups": ["92154", "91911", "91910", "92114", "92105", "91950", "92113", "92101", "92173", "92108", "92115"],
      "spoken_languages": ["ENGLISH", "SPANISH", "ARABIC"],
      "looseness": 600,
      "vehicle_capacity_id": 2,
      "constraints":["AMB"],
      "ptps_blacklist":[],
      "safe_for_female_ptps":true
    },
    {
      "driver_id": 11,
      "full_name": "MAYORGA, JUAN",
      "gender": "MALE",
      "vehicle_garage":"730 W 19TH ST, NATIONAL CITY, CA, 91950",
      "vehicle_name":"VAN 98",
      "destination_id": [2],
      "from_date": "2022-03-09",
      "to_date": "2030-12-31",
      "from_time": "07:00:00",
      "to_time": "16:30:00",
      "days": [1, 2, 3, 4, 5, 6],
      "enabled_for_routing": 1,
      "ethnic_group_id": 1,
      "zip_code_groups": ["92154", "91911", "91910", "92114", "92105", "91950", "92113", "92101", "92173", "92108", "92115"],
      "spoken_languages": ["ENGLISH", "SPANISH", "ARABIC"],
      "looseness": 600,
      "vehicle_capacity_id": 1,
      "constraints":["AMB"],
      "ptps_blacklist":[],
      "safe_for_female_ptps":true
    }
    ,
    {
      "driver_id": 12,
      "full_name": "TIRADO, YOMAHARA",
      "gender": "FEMALE",
      "vehicle_garage":"730 W 19TH ST, NATIONAL CITY, CA, 91950",
      "vehicle_name":"VAN 44",
      "destination_id": [3],
      "from_date": "2022-03-09",
      "to_date": "2030-12-31",
      "from_time": "08:00:00",
      "to_time": "16:30:00",
      "days": [1, 2, 3, 4, 5],
      "enabled_for_routing": 1,
      "ethnic_group_id": 1,
      "zip_code_groups": ["92154", "91911", "91910", "92114", "92105", "91950", "92113", "92101", "92173", "92108", "92115"],
      "spoken_languages": ["ENGLISH", "SPANISH", "ARABIC"],
      "looseness": 600,
      "vehicle_capacity_id": 2,
      "constraints":["AMB"],
      "ptps_blacklist":[],
      "safe_for_female_ptps":true
    },
    {
      "driver_id": 13,
      "full_name": "PEREZ, JUNIEL",
      "gender": "MALE",
      "vehicle_garage":"730 W 19TH ST, NATIONAL CITY, CA, 91950",
      "vehicle_name":"VAN 93",
      "destination_id": [3],
      "from_date": "2022-03-09",
      "to_date": "2030-12-31",
      "from_time": "07:00:00",
      "to_time": "15:30:00",
      "days": [1, 2, 3, 4, 5],
      "enabled_for_routing": 1,
      "ethnic_group_id": 1,
      "zip_code_groups": ["92154", "91911", "91910", "92114", "92105", "91950", "92113", "92101", "92173", "92108", "92115"],
      "spoken_languages": ["ENGLISH", "SPANISH", "ARABIC"],
      "looseness": 600,
      "vehicle_capacity_id": 1,
      "constraints":["AMB"],
      "ptps_blacklist":[],
      "safe_for_female_ptps":true
    },
    {
      "driver_id": 14,
      "full_name": "ROSALES, LIZETH",
      "gender": "FEMALE",
      "vehicle_garage":"730 W 19TH ST, NATIONAL CITY, CA, 91950",
      "vehicle_name":"VAN 100",
      "destination_id": [3],
      "from_date": "2022-03-09",
      "to_date": "2030-12-31",
      "from_time": "08:00:00",
      "to_time": "16:30:00",
      "days": [1, 2, 3, 4, 5],
      "enabled_for_routing": 1,
      "ethnic_group_id": 1,
      "zip_code_groups": ["92154", "91911", "91910", "92114", "92105", "91950", "92113", "92101", "92173", "92108", "92115"],
      "spoken_languages": ["ENGLISH", "SPANISH", "ARABIC"],
      "looseness": 600,
      "vehicle_capacity_id": 1,
      "constraints":["AMB"],
      "ptps_blacklist":[],
      "safe_for_female_ptps":true
    },
    {
      "driver_id": 15,
      "full_name": "BAUTISTA, MIGUEL",
      "gender": "MALE",
      "vehicle_garage":"730 W 19TH ST, NATIONAL CITY, CA, 91950",
      "vehicle_name":"VAN 106",
      "destination_id": [2],
      "from_date": "2022-03-09",
      "to_date": "2030-12-31",
      "from_time": "07:00:00",
      "to_time": "16:30:00",
      "days": [1, 2, 3, 4, 5],
      "enabled_for_routing": 1,
      "ethnic_group_id": 1,
      "zip_code_groups": ["92154", "91911", "91910", "92114", "92105", "91950", "92113", "92101", "92173", "92108", "92115"],
      "spoken_languages": ["ENGLISH", "SPANISH", "ARABIC"],
      "looseness": 600,
      "vehicle_capacity_id": 1,
      "constraints":["AMB"],
      "ptps_blacklist":[],
      "safe_for_female_ptps":true
    },
    {
      "driver_id": 16,
      "full_name": "GASCA, CESAR",
      "gender": "MALE",
      "vehicle_garage":"730 W 19TH ST, NATIONAL CITY, CA, 91950",
      "vehicle_name":"VAN 111",
      "destination_id": [2,3],
      "from_date": "2022-03-09",
      "to_date": "2030-12-31",
      "from_time": "07:00:00",
      "to_time": "16:30:00",
      "days": [1, 2, 3, 4, 5, 6],
      "enabled_for_routing": 1,
      "ethnic_group_id": 1,
      "zip_code_groups": ["92154", "91911", "91910", "92114", "92105", "91950", "92113", "92101", "92173", "92108", "92115"],
      "spoken_languages": ["ENGLISH", "SPANISH", "ARABIC"],
      "looseness": 600,
      "vehicle_capacity_id": 1,
      "constraints":["AMB"],
      "ptps_blacklist":[],
      "safe_for_female_ptps":true
    },
    {
      "driver_id": 17,
      "full_name": "BARRETO, OSCAR",
      "gender": "MALE",
      "vehicle_garage":"730 W 19TH ST, NATIONAL CITY, CA, 91950",
      "vehicle_name":"VAN 121",
      "destination_id": [3],
      "from_date": "2022-03-09",
      "to_date": "2030-12-31",
      "from_time": "08:00:00",
      "to_time": "19:00:00",
      "days": [1, 2, 3, 4, 5],
      "enabled_for_routing": 1,
      "ethnic_group_id": 1,
      "zip_code_groups": ["92154", "91911", "91910", "92114", "92105", "91950", "92113", "92101", "92173", "92108", "92115"],
      "spoken_languages": ["ENGLISH", "SPANISH", "ARABIC"],
      "looseness": 600,
      "vehicle_capacity_id": 1,
      "constraints":["AMB"],
      "ptps_blacklist":[],
      "safe_for_female_ptps":true
    },
    {
      "driver_id": 18,
      "full_name": "RAMOS, RAMON",
      "gender": "MALE",
      "vehicle_garage":"730 W 19TH ST, NATIONAL CITY, CA, 91950",
      "vehicle_name":"VAN 125",
      "destination_id": [2,3],
      "from_date": "2022-03-09",
      "to_date": "2030-12-31",
      "from_time": "08:00:00",
      "to_time": "19:00:00",
      "days": [1, 2, 3, 4, 5],
      "enabled_for_routing": 1,
      "ethnic_group_id": 1,
      "zip_code_groups": ["92154", "91911", "91910", "92114", "92105", "91950", "92113", "92101", "92173", "92108", "92115"],
      "spoken_languages": ["ENGLISH", "SPANISH", "ARABIC"],
      "looseness": 600,
      "vehicle_capacity_id": 1,
      "constraints":["AMB"],
      "ptps_blacklist":[],
      "safe_for_female_ptps":true
    },
    {
      "driver_id": 19,
      "full_name": "RAMIRO",
      "gender": "MALE",
      "vehicle_garage":"730 W 19TH ST, NATIONAL CITY, CA, 91950",
      "vehicle_name":"VAN 72",
      "destination_id": [2,3],
      "from_date": "2022-03-09",
      "to_date": "2030-12-31",
      "from_time": "08:00:00",
      "to_time": "15:30:00",
      "days": [1, 2, 3, 4, 5],
      "enabled_for_routing": 1,
      "ethnic_group_id": 1,
      "zip_code_groups": ["92154", "91911", "91910", "92114", "92105", "91950", "92113", "92101", "92173", "92108", "92115"],
      "spoken_languages": ["ENGLISH", "SPANISH", "ARABIC"],
      "looseness": 600,
      "vehicle_capacity_id": 2,
      "constraints":["AMB"],
      "ptps_blacklist":[],
      "safe_for_female_ptps":true
    },
    {
      "driver_id": 20,
      "full_name": "MIGUEL ANGEL",
      "gender": "MALE",
      "vehicle_garage":"730 W 19TH ST, NATIONAL CITY, CA, 91950",
      "vehicle_name":"VAN 91",
      "destination_id": [2],
      "from_date": "2022-03-09",
      "to_date": "2030-12-31",
      "from_time": "07:00:00",
      "to_time": "15:30:00",
      "days": [1, 2, 3, 4, 5, 6],
      "enabled_for_routing": 1,
      "ethnic_group_id": 1,
      "zip_code_groups": ["92154", "91911", "91910", "92114", "92105", "91950", "92113", "92101", "92173", "92108", "92115"],
      "spoken_languages": ["ENGLISH", "SPANISH", "ARABIC"],
      "looseness": 600,
      "vehicle_capacity_id": 1,
      "constraints":["AMB"],
      "ptps_blacklist":[],
      "safe_for_female_ptps":true
    },
    {
      "driver_id": 21,
      "full_name": "JAVIER",
      "gender": "MALE",
      "vehicle_garage":"730 W 19TH ST, NATIONAL CITY, CA, 91950",
      "vehicle_name":"VAN 92",
      "destination_id": [2],
      "from_date": "2022-03-09",
      "to_date": "2030-12-31",
      "from_time": "07:00:00",
      "to_time": "16:30:00",
      "days": [1, 2, 3, 4, 5],
      "enabled_for_routing": 1,
      "ethnic_group_id": 1,
      "zip_code_groups": ["92154", "91911", "91910", "92114", "92105", "91950", "92113", "92101", "92173", "92108", "92115"],
      "spoken_languages": ["ENGLISH", "SPANISH", "ARABIC"],
      "looseness": 600,
      "vehicle_capacity_id": 1,
      "constraints":["AMB"],
      "ptps_blacklist":[],
      "safe_for_female_ptps":true
    },
    {
      "driver_id": 22,
      "full_name": "PANIAJUA, ROSA",
      "gender": "FEMALE",
      "vehicle_garage":"730 W 19TH ST, NATIONAL CITY, CA, 91950",
      "vehicle_name":"VAN 34",
      "destination_id": [4],
      "from_date": "2022-03-09",
      "to_date": "2030-12-31",
      "from_time": "08:00:00",
      "to_time": "16:30:00",
      "days": [1, 2, 3, 4, 5, 6],
      "enabled_for_routing": 1,
      "ethnic_group_id": 1,
      "zip_code_groups": ["92154", "91911", "91910", "92114", "92105", "91950", "92113", "92101", "92173", "92108", "92115"],
      "spoken_languages": ["ENGLISH", "SPANISH", "ARABIC"],
      "looseness": 600,
      "vehicle_capacity_id": 2,
      "constraints":["AMB"],
      "ptps_blacklist":[],
      "safe_for_female_ptps":true
    },
    {
      "driver_id": 23,
      "full_name": "RUELAS, GUSTAVO",
      "gender": "MALE",
      "vehicle_garage":"730 W 19TH ST, NATIONAL CITY, CA, 91950",
      "vehicle_name":"VAN 139",
      "destination_id": [4],
      "from_date": "2022-03-09",
      "to_date": "2030-12-31",
      "from_time": "08:00:00",
      "to_time": "17:30:00",
      "days": [1, 2, 3, 4, 5],
      "enabled_for_routing": 1,
      "ethnic_group_id": 1,
      "zip_code_groups": ["92154", "91911", "91910", "92114", "92105", "91950", "92113", "92101", "92173", "92108", "92115"],
      "spoken_languages": ["ENGLISH", "SPANISH", "ARABIC"],
      "looseness": 600,
      "vehicle_capacity_id": 2,
      "constraints":["AMB"],
      "ptps_blacklist":[],
      "safe_for_female_ptps":true
    },
    {
      "driver_id": 23,
      "full_name": "RODRIGUEZ, ELI",
      "gender": "FEMALE",
      "vehicle_garage":"730 W 19TH ST, NATIONAL CITY, CA, 91950",
      "vehicle_name":"VAN 84",
      "destination_id": [4],
      "from_date": "2022-03-09",
      "to_date": "2030-12-31",
      "from_time": "08:00:00",
      "to_time": "17:30:00",
      "days": [1, 2, 3, 4, 5, 6],
      "enabled_for_routing": 1,
      "ethnic_group_id": 1,
      "zip_code_groups": ["92154", "91911", "91910", "92114", "92105", "91950", "92113", "92101", "92173", "92108", "92115"],
      "spoken_languages": ["ENGLISH", "SPANISH", "ARABIC"],
      "looseness": 600,
      "vehicle_capacity_id": 2,
      "constraints":["AMB"],
      "ptps_blacklist":[],
      "safe_for_female_ptps":true
    },
    {
      "driver_id": 24,
      "full_name": "DIAZ, JUAN MANUEL",
      "gender": "MALE",
      "vehicle_garage":"730 W 19TH ST, NATIONAL CITY, CA, 91950",
      "vehicle_name":"VAN 79",
      "destination_id": [4],
      "from_date": "2022-03-09",
      "to_date": "2030-12-31",
      "from_time": "08:00:00",
      "to_time": "15:30:00",
      "days": [1, 2, 3, 4, 5],
      "enabled_for_routing": 1,
      "ethnic_group_id": 1,
      "zip_code_groups": ["92154", "91911", "91910", "92114", "92105", "91950", "92113", "92101", "92173", "92108", "92115"],
      "spoken_languages": ["ENGLISH", "SPANISH", "ARABIC"],
      "looseness": 600,
      "vehicle_capacity_id": 2,
      "constraints":["AMB"],
      "ptps_blacklist":[],
      "safe_for_female_ptps":true
    },
    {
      "driver_id": 25,
      "full_name": "GONZALEZ, JOSE FRANCISCO",
      "gender": "MALE",
      "vehicle_garage":"730 W 19TH ST, NATIONAL CITY, CA, 91950",
      "vehicle_name":"VAN 95",
      "destination_id": [4],
      "from_date": "2022-03-09",
      "to_date": "2030-12-31",
      "from_time": "07:30:00",
      "to_time": "16:00:00",
      "days": [1, 2, 3, 4, 5],
      "enabled_for_routing": 1,
      "ethnic_group_id": 1,
      "zip_code_groups": ["92154", "91911", "91910", "92114", "92105", "91950", "92113", "92101", "92173", "92108", "92115"],
      "spoken_languages": ["ENGLISH", "SPANISH", "ARABIC"],
      "looseness": 600,
      "vehicle_capacity_id": 2,
      "constraints":["AMB"],
      "ptps_blacklist":[],
      "safe_for_female_ptps":true
    },
    {
      "driver_id": 26,
      "full_name": "PEREZ, CARTER",
      "gender": "MALE",
      "vehicle_garage":"730 W 19TH ST, NATIONAL CITY, CA, 91950",
      "vehicle_name":"VAN 142",
      "destination_id": [4],
      "from_date": "2022-03-09",
      "to_date": "2030-12-31",
      "from_time": "07:30:00",
      "to_time": "19:00:00",
      "days": [1, 2, 3, 4, 5],
      "enabled_for_routing": 1,
      "ethnic_group_id": 1,
      "zip_code_groups": ["92154", "91911", "91910", "92114", "92105", "91950", "92113", "92101", "92173", "92108", "92115"],
      "spoken_languages": ["ENGLISH", "SPANISH", "ARABIC"],
      "looseness": 600,
      "vehicle_capacity_id": 1,
      "constraints":["AMB"],
      "ptps_blacklist":[],
      "safe_for_female_ptps":true
    },
    {
      "driver_id": 27,
      "full_name": "NAJERA, ROBERTO",
      "gender": "MALE",
      "vehicle_garage":"730 W 19TH ST, NATIONAL CITY, CA, 91950",
      "vehicle_name":"VAN 102",
      "destination_id": [4],
      "from_date": "2022-03-09",
      "to_date": "2030-12-31",
      "from_time": "08:00:00",
      "to_time": "15:30:00",
      "days": [1, 2, 3, 4, 5, 6],
      "enabled_for_routing": 1,
      "ethnic_group_id": 1,
      "zip_code_groups": ["92154", "91911", "91910", "92114", "92105", "91950", "92113", "92101", "92173", "92108", "92115"],
      "spoken_languages": ["ENGLISH", "SPANISH", "ARABIC"],
      "looseness": 600,
      "vehicle_capacity_id": 2,
      "constraints":["AMB"],
      "ptps_blacklist":[],
      "safe_for_female_ptps":true
    },
    {
      "driver_id": 28,
      "full_name": "CASTILLO RODRIGUEZ, JULIANA",
      "gender": "FEMALE",
      "vehicle_garage":"730 W 19TH ST, NATIONAL CITY, CA, 91950",
      "vehicle_name":"VAN 109",
      "destination_id": [4],
      "from_date": "2022-03-09",
      "to_date": "2030-12-31",
      "from_time": "08:00:00",
      "to_time": "17:00:00",
      "days": [1, 2, 3, 4, 5, 6],
      "enabled_for_routing": 1,
      "ethnic_group_id": 1,
      "zip_code_groups": ["92154", "91911", "91910", "92114", "92105", "91950", "92113", "92101", "92173", "92108", "92115"],
      "spoken_languages": ["ENGLISH", "SPANISH", "ARABIC"],
      "looseness": 600,
      "vehicle_capacity_id": 1,
      "constraints":["AMB"],
      "ptps_blacklist":[],
      "safe_for_female_ptps":true
    },
    {
      "driver_id": 29,
      "full_name": "GUERRERO, TERESA",
      "gender": "FEMALE",
      "vehicle_garage":"1372 13TH ST, APT 25, IMPERIAL BEACH, CA, 91932",
      "vehicle_name":"VAN 35",
      "destination_id": [5,6,11,10],
      "from_date": "2022-03-09",
      "to_date": "2030-12-31",
      "from_time": "02:45:00",
      "to_time": "11:15:00",
      "days": [1, 2, 3, 4, 5, 6, 7],
      "enabled_for_routing": 1,
      "ethnic_group_id": 1,
      "zip_code_groups": ["92154", "91911", "91910", "92114", "92105", "91950", "92113", "92101", "92173", "92108", "92115"],
      "spoken_languages": ["ENGLISH", "SPANISH", "ARABIC"],
      "looseness": 600,
      "vehicle_capacity_id": 1,
      "constraints":["AMB"],
      "ptps_blacklist":[],
      "safe_for_female_ptps":true
    },
    {
      "driver_id": 30,
      "full_name": "SANCHEZ, JUAN",
      "gender": "MALE",
      "vehicle_garage":"730 W 19TH ST, NATIONAL CITY, CA, 91950",
      "vehicle_name":"VAN 86",
      "destination_id": [7, 14],
      "from_date": "2022-03-09",
      "to_date": "2030-12-31",
      "from_time": "03:00:00",
      "to_time": "11:30:00",
      "days": [1, 2, 3, 4, 5],
      "enabled_for_routing": 1,
      "ethnic_group_id": 1,
      "zip_code_groups": ["92154", "91911", "91910", "92114", "92105", "91950", "92113", "92101", "92173", "92108", "92115"],
      "spoken_languages": ["ENGLISH", "SPANISH", "ARABIC"],
      "looseness": 600,
      "vehicle_capacity_id": 4,
      "constraints":["AMB"],
      "ptps_blacklist":[],
      "safe_for_female_ptps":true
    },
    {
      "driver_id": 31,
      "full_name": "SANCHEZ, MAYTE",
      "gender": "FEMALE",
      "vehicle_garage":"1781 REICHERT WAY, CHULA VISTA, CA, 91913",
      "vehicle_name":"VAN 136",
      "destination_id": [5, 15],
      "from_date": "2022-03-09",
      "to_date": "2030-12-31",
      "from_time": "04:30:00",
      "to_time": "19:00:00",
      "days": [1, 2, 3, 4, 5, 6],
      "enabled_for_routing": 1,
      "ethnic_group_id": 1,
      "zip_code_groups": ["92154", "91911", "91910", "92114", "92105", "91950", "92113", "92101", "92173", "92108", "92115"],
      "spoken_languages": ["ENGLISH", "SPANISH", "ARABIC"],
      "looseness": 600,
      "vehicle_capacity_id": 1,
      "constraints":["AMB"],
      "ptps_blacklist":[],
      "safe_for_female_ptps":true
    },
    {
      "driver_id": 32,
      "full_name": "LIZARRAGA, JUAN",
      "gender": "MALE",
      "vehicle_garage":"307 ORANGE AVE, CHULA VISTA, CA, 91911",
      "vehicle_name":"VAN 138",
      "destination_id": [9,12, 15],
      "from_date": "2022-03-09",
      "to_date": "2030-12-31",
      "from_time": "02:45:00",
      "to_time": "11:30:00",
      "days": [1, 2, 3, 4, 5, 6],
      "enabled_for_routing": 1,
      "ethnic_group_id": 1,
      "zip_code_groups": ["92154", "91911", "91910", "92114", "92105", "91950", "92113", "92101", "92173", "92108", "92115"],
      "spoken_languages": ["ENGLISH", "SPANISH", "ARABIC"],
      "looseness": 600,
      "vehicle_capacity_id": 1,
      "constraints":["AMB"],
      "ptps_blacklist":[],
      "safe_for_female_ptps":true
    },
    {
      "driver_id": 33,
      "full_name": "LOPEZ, JUAN DANIEL",
      "gender": "MALE",
      "vehicle_garage":"730 W 19TH ST, NATIONAL CITY, CA, 91950",
      "vehicle_name":"VAN 103",
      "destination_id": [5],
      "from_date": "2022-03-09",
      "to_date": "2030-12-31",
      "from_time": "08:30:00",
      "to_time": "17:00:00",
      "days": [1, 2, 3, 4, 5, 6],
      "enabled_for_routing": 1,
      "ethnic_group_id": 1,
      "zip_code_groups": ["92154", "91911", "91910", "92114", "92105", "91950", "92113", "92101", "92173", "92108", "92115"],
      "spoken_languages": ["ENGLISH", "SPANISH", "ARABIC"],
      "looseness": 600,
      "vehicle_capacity_id": 2,
      "constraints":["AMB"],
      "ptps_blacklist":[],
      "safe_for_female_ptps":true
    },
    {
      "driver_id": 34,
      "full_name": "RANGEL NINO, ROSENDO",
      "gender": "MALE",
      "vehicle_garage":"730 W 19TH ST, NATIONAL CITY, CA, 91950",
      "vehicle_name":"VAN 101",
      "destination_id": [2,5,10],
      "from_date": "2022-03-09",
      "to_date": "2030-12-31",
      "from_time": "06:30:00",
      "to_time": "15:00:00",
      "days": [1, 2, 3, 4, 5],
      "enabled_for_routing": 1,
      "ethnic_group_id": 1,
      "zip_code_groups": ["92154", "91911", "91910", "92114", "92105", "91950", "92113", "92101", "92173", "92108", "92115"],
      "spoken_languages": ["ENGLISH", "SPANISH", "ARABIC"],
      "looseness": 600,
      "vehicle_capacity_id": 2,
      "constraints":["AMB"],
      "ptps_blacklist":[],
      "safe_for_female_ptps":true
    },
    {
      "driver_id": 35,
      "full_name": "DOYMA, MICHEL",
      "gender": "FEMALE",
      "vehicle_garage":"730 W 19TH ST, NATIONAL CITY, CA, 91950",
      "vehicle_name":"VAN 155",
      "destination_id": [16],
      "from_date": "2022-03-09",
      "to_date": "2030-12-31",
      "from_time": "07:00:00",
      "to_time": "19:00:00",
      "days": [1, 2, 3, 4, 5, 6],
      "enabled_for_routing": 1,
      "ethnic_group_id": 1,
      "zip_code_groups": ["92154", "91911", "91910", "92114", "92105", "91950", "92113", "92101", "92173", "92108", "92115"],
      "spoken_languages": ["ENGLISH", "SPANISH", "ARABIC"],
      "looseness": 600,
      "vehicle_capacity_id": 1,
      "constraints":["AMB"],
      "ptps_blacklist":[],
      "safe_for_female_ptps":true
    },
    {
      "driver_id": 35,
      "full_name": "DOMINGUEZ, MARIA",
      "gender": "FEMALE",
      "vehicle_garage":"730 W 19TH ST, NATIONAL CITY, CA, 91950",
      "vehicle_name":"VAN 70",
      "destination_id": [4],
      "from_date": "2022-03-09",
      "to_date": "2030-12-31",
      "from_time": "07:00:00",
      "to_time": "19:00:00",
      "days": [1, 2, 3, 4, 5, 6],
      "enabled_for_routing": 1,
      "ethnic_group_id": 1,
      "zip_code_groups": ["92154", "91911", "91910", "92114", "92105", "91950", "92113", "92101", "92173", "92108", "92115"],
      "spoken_languages": ["ENGLISH", "SPANISH", "ARABIC"],
      "looseness": 600,
      "vehicle_capacity_id": 2,
      "constraints":["AMB"],
      "ptps_blacklist":[],
      "safe_for_female_ptps":true
    },
    {
      "driver_id": 36,
      "full_name": "CARMEN",
      "gender": "FEMALE",
      "vehicle_garage":"730 W 19TH ST, NATIONAL CITY, CA, 91950",
      "vehicle_name":"VAN 105",
      "destination_id": [4],
      "from_date": "2022-03-09",
      "to_date": "2030-12-31",
      "from_time": "07:00:00",
      "to_time": "19:00:00",
      "days": [1, 2, 3, 4, 5],
      "enabled_for_routing": 1,
      "ethnic_group_id": 1,
      "zip_code_groups": ["92154", "91911", "91910", "92114", "92105", "91950", "92113", "92101", "92173", "92108", "92115"],
      "spoken_languages": ["ENGLISH", "SPANISH", "ARABIC"],
      "looseness": 600,
      "vehicle_capacity_id": 1,
      "constraints":["AMB"],
      "ptps_blacklist":[],
      "safe_for_female_ptps":true
    },
  
    {
      "driver_id": 36,
      "full_name": "ABDULAMEER, HAIDER",
      "gender": "MALE",
      "vehicle_garage":"630 E MAIN ST, EL CAJON, CA 92020",
      "vehicle_name":"VAN 38",
      "destination_id": [16],
      "from_date": "2022-03-09",
      "to_date": "2030-12-31",
      "from_time": "07:00:00",
      "to_time": "17:00:00",
      "days": [1, 2, 3, 4, 5],
      "enabled_for_routing": 1,
      "ethnic_group_id": 1,
      "zip_code_groups": ["92154", "91911", "91910", "92114", "92105", "91950", "92113", "92101", "92173", "92108", "92115"],
      "spoken_languages": ["ENGLISH", "SPANISH", "ARABIC"],
      "looseness": 600,
      "vehicle_capacity_id": 2,
      "constraints":["AMB"],
      "ptps_blacklist":[],
      "safe_for_female_ptps":true
    },
    {
      "driver_id": 37,
      "full_name": "AJO, AMEIR",
      "gender": "MALE",
      "vehicle_garage":"944 PAQUITA ST, EL CAJON, CA, 92019",
      "vehicle_name":"VAN 94",
      "destination_id": [16],
      "from_date": "2022-03-09",
      "to_date": "2030-12-31",
      "from_time": "07:00:00",
      "to_time": "17:00:00",
      "days": [1, 2, 3, 4, 5],
      "enabled_for_routing": 1,
      "ethnic_group_id": 1,
      "zip_code_groups": ["92154", "91911", "91910", "92114", "92105", "91950", "92113", "92101", "92173", "92108", "92115"],
      "spoken_languages": ["ENGLISH", "SPANISH", "ARABIC"],
      "looseness": 600,
      "vehicle_capacity_id": 1,
      "constraints":["AMB"],
      "ptps_blacklist":[],
      "safe_for_female_ptps":true
    },
    {
      "driver_id": 38,
      "full_name": "LEON CABRERA, MONICA",
      "gender": "FEMALE",
      "vehicle_garage":"880 GABLE WAY, EL CAJON, CA 92020",
      "vehicle_name":"VAN 113",
      "destination_id": [16],
      "from_date": "2022-03-09",
      "to_date": "2030-12-31",
      "from_time": "08:30:00",
      "to_time": "17:30:00",
      "days": [1, 2, 3, 4, 5],
      "enabled_for_routing": 1,
      "ethnic_group_id": 1,
      "zip_code_groups": ["92154", "91911", "91910", "92114", "92105", "91950", "92113", "92101", "92173", "92108", "92115"],
      "spoken_languages": ["ENGLISH", "SPANISH", "ARABIC"],
      "looseness": 600,
      "vehicle_capacity_id": 1,
      "constraints":["AMB"],
      "ptps_blacklist":[],
      "safe_for_female_ptps":true
    },
    {
      "driver_id": 39,
      "full_name": "RODRIGUEZ, YAZMIN",
      "gender": "FEMALE",
      "vehicle_garage":"630 E MAIN ST, EL CAJON, CA 92020",
      "vehicle_name":"VAN 140",
      "destination_id": [16],
      "from_date": "2022-03-09",
      "to_date": "2030-12-31",
      "from_time": "08:30:00",
      "to_time": "17:30:00",
      "days": [1, 2, 3, 4, 5],
      "enabled_for_routing": 1,
      "ethnic_group_id": 1,
      "zip_code_groups": ["92154", "91911", "91910", "92114", "92105", "91950", "92113", "92101", "92173", "92108", "92115"],
      "spoken_languages": ["ENGLISH", "SPANISH", "ARABIC"],
      "looseness": 600,
      "vehicle_capacity_id": 2,
      "constraints":["AMB"],
      "ptps_blacklist":[],
      "safe_for_female_ptps":true
    }
    
    
  ]